{
    "userDataProfilesMigration": true,
    "profileAssociations": {
        "workspaces": {
            "file:///c%3A/Users/01/Desktop/SMS-Project/SMS-Project": "__default__profile__",
            "file:///c%3A/Users/01/Documents/SMS_Project_v2": "__default__profile__",
            "file:///c%3A/Users/01/Documents/GitHub/NuxHealth-backend": "__default__profile__",
            "file:///c%3A/Users/01/Desktop/Personal/NuxHealth-Frontend": "__default__profile__",
            "file:///c%3A/Users/01/Documents/GitHub/NuxHealth-frontend/src/pages/Patients/AppointmentBooking": "__default__profile__",
            "file:///c%3A/Users/01/Documents/GitHub/NuxHealth-frontend": "__default__profile__",
            "file:///c%3A/Users/01/Desktop/extension": "__default__profile__",
            "file:///c%3A/Users/01/Desktop/5%20second%20club": "__default__profile__",
            "file:///c%3A/Users/01/Desktop/deploy": "__default__profile__",
            "file:///c%3A/Users/01/Desktop/deploy/NuxHealth-frontend": "__default__profile__",
            "file:///c%3A/Users/01/Desktop/deploy/NuxHealth-Frontend-personal": "__default__profile__",
            "file:///c%3A/Users/01/Desktop/deploy/NuxHealth-frontend-work": "__default__profile__",
            "file:///c%3A/Users/01/Desktop/BinaryBuilder": "__default__profile__",
            "file:///c%3A/Users/01/Desktop/pdf": "__default__profile__",
            "file:///c%3A/Users/01/Desktop/pdf/frontend": "__default__profile__",
            "file:///c%3A/Users/01/Desktop/pdf/backend": "__default__profile__",
            "file:///c%3A/Users/01/Desktop/pdf/backend%28fast%20api%29": "__default__profile__",
            "file:///c%3A/Users/01/Desktop/Kombee": "__default__profile__",
            "file:///c%3A/Users/01/Desktop/p": "__default__profile__",
            "file:///c%3A/Users/01/user-management": "__default__profile__",
            "file:///c%3A/Users/01/user-managment-frontend": "__default__profile__",
            "file:///c%3A/Users/01/user-managment-frontend/user-management-system": "__default__profile__"
        },
        "emptyWindows": {}
    },
    "profileAssociationsMigration": true,
    "telemetry.macMachineId": "2026492ab6db7e8f9d2dd16197d4d098fbc2e7b54e45c5d11aa9085bada612b7",
    "telemetry.sqmId": "{7C2D2EDB-3519-4783-B30C-22FF151F18E8}",
    "telemetry.machineId": "da9c1d82a3680235f98b58486bbf7284390db86577f07d7c9e08655fa55efd21",
    "telemetry.devDeviceId": "e53abed4-c11c-4113-a45c-c8a5912e3599",
    "backupWorkspaces": {
        "workspaces": [],
        "folders": [
            {
                "folderUri": "file:///c%3A/Users/01/user-managment-frontend/user-management-system"
            },
            {
                "folderUri": "file:///c%3A/Users/01/user-management"
            }
        ],
        "emptyWindows": [
            {
                "backupFolder": "1741510488073"
            }
        ]
    },
    "windowControlHeight": 35,
    "windowsState": {
        "lastActiveWindow": {
            "folder": "file:///c%3A/Users/01/user-managment-frontend/user-management-system",
            "backupPath": "C:\\Users\\01\\AppData\\Roaming\\Cursor\\Backups\\633efc03dfb1c29d3225d6baa8457214",
            "uiState": {
                "mode": 0,
                "x": 256,
                "y": 48,
                "width": 1024,
                "height": 768
            }
        },
        "openedWindows": [
            {
                "folder": "file:///c%3A/Users/01/user-managment-frontend/user-management-system",
                "backupPath": "C:\\Users\\01\\AppData\\Roaming\\Cursor\\Backups\\633efc03dfb1c29d3225d6baa8457214",
                "uiState": {
                    "mode": 0,
                    "x": 256,
                    "y": 48,
                    "width": 1024,
                    "height": 768
                }
            },
            {
                "folder": "file:///c%3A/Users/01/user-management",
                "backupPath": "C:\\Users\\01\\AppData\\Roaming\\Cursor\\Backups\\b9dc70f33d47b5c12c28c1a3df935656",
                "uiState": {
                    "mode": 0,
                    "x": 256,
                    "y": 48,
                    "width": 1024,
                    "height": 768
                }
            }
        ]
    },
    "theme": "vs-dark",
    "themeBackground": "#181818",
    "windowSplash": {
        "zoomLevel": 0,
        "baseTheme": "vs-dark",
        "colorInfo": {
            "foreground": "#d6d6dd",
            "background": "#181818",
            "editorBackground": "#181818",
            "titleBarBackground": "#181818",
            "titleBarBorder": "#383838",
            "activityBarBackground": "#181818",
            "activityBarBorder": "#383838",
            "sideBarBackground": "#181818",
            "sideBarBorder": "#383838",
            "statusBarBackground": "#181818",
            "statusBarBorder": "#383838",
            "statusBarNoFolderBackground": "#181818"
        },
        "layoutInfo": {
            "sideBarSide": "left",
            "editorPartMinWidth": 220,
            "titleBarHeight": 35,
            "activityBarWidth": 0,
            "sideBarWidth": 304,
            "statusBarHeight": 22,
            "windowBorder": false
        }
    }
}